	geo_value	signal	time_value	issue	lag	missing_value	missing_stderr	missing_sample_size	value	stderr	sample_size	geo_type	data_source
0	us	confirmed_7dav_incidence_num	2021-01-30	2022-02-18	384	0	5	5	143414.0			nation	usa-facts
0	us	confirmed_7dav_incidence_num	2021-01-31	2022-02-18	383	0	5	5	140186.2857143			nation	usa-facts
0	us	confirmed_7dav_incidence_num	2021-02-01	2022-02-18	382	0	5	5	139774.4285714			nation	usa-facts
0	us	confirmed_7dav_incidence_num	2021-02-02	2022-02-18	381	0	5	5	135683.2857143			nation	usa-facts
0	us	confirmed_7dav_incidence_num	2021-02-03	2022-02-18	380	0	5	5	130344.0			nation	usa-facts
0	us	confirmed_7dav_incidence_num	2021-02-04	2022-02-18	379	0	5	5	125666.1428571			nation	usa-facts
0	us	confirmed_7dav_incidence_num	2021-02-05	2022-02-18	378	0	5	5	121054.5714286			nation	usa-facts
0	us	confirmed_7dav_incidence_num	2021-02-06	2022-02-18	377	0	5	5	114711.7142857			nation	usa-facts
0	us	confirmed_7dav_incidence_num	2021-02-07	2022-02-18	376	0	5	5	113488.5714286			nation	usa-facts
0	us	confirmed_7dav_incidence_num	2021-02-08	2022-02-18	375	0	5	5	107285.8571429			nation	usa-facts
0	us	confirmed_7dav_incidence_num	2021-02-09	2022-02-18	374	0	5	5	103779.4285714			nation	usa-facts
0	us	confirmed_7dav_incidence_num	2021-02-10	2022-02-18	373	0	5	5	100664.7142857			nation	usa-facts
0	us	confirmed_7dav_incidence_num	2021-02-11	2022-02-18	372	0	5	5	97463.2857143			nation	usa-facts
0	us	confirmed_7dav_incidence_num	2021-02-12	2022-02-18	371	0	5	5	92651.0			nation	usa-facts
0	us	confirmed_7dav_incidence_num	2021-02-13	2022-02-18	370	0	5	5	90953.7142857			nation	usa-facts
0	us	confirmed_7dav_incidence_num	2021-02-14	2022-02-18	369	0	5	5	85978.8571429			nation	usa-facts
0	us	confirmed_7dav_incidence_num	2021-02-15	2022-02-18	368	0	5	5	82587.5714286			nation	usa-facts
0	us	confirmed_7dav_incidence_num	2021-02-16	2022-02-18	367	0	5	5	77326.1428571			nation	usa-facts
0	us	confirmed_7dav_incidence_num	2021-02-17	2022-02-18	366	0	5	5	73347.0			nation	usa-facts
0	us	confirmed_7dav_incidence_num	2021-02-18	2022-02-18	365	0	5	5	68633.2857143			nation	usa-facts
0	us	confirmed_7dav_incidence_num	2021-02-19	2022-02-18	364	0	5	5	65362.5714286			nation	usa-facts
0	us	confirmed_7dav_incidence_num	2021-02-20	2022-02-18	363	0	5	5	63094.4285714			nation	usa-facts
0	us	confirmed_7dav_incidence_num	2021-02-21	2022-02-18	362	0	5	5	61653.1428571			nation	usa-facts
0	us	confirmed_7dav_incidence_num	2021-02-22	2022-02-18	361	0	5	5	61707.8571429			nation	usa-facts
0	us	confirmed_7dav_incidence_num	2021-02-23	2022-02-18	360	0	5	5	63257.2857143			nation	usa-facts
0	us	confirmed_7dav_incidence_num	2021-02-24	2022-02-18	359	0	5	5	63961.8571429			nation	usa-facts
0	us	confirmed_7dav_incidence_num	2021-02-25	2022-02-18	358	0	5	5	65479.8571429			nation	usa-facts
0	us	confirmed_7dav_incidence_num	2021-02-26	2022-02-18	357	0	5	5	64063.4285714			nation	usa-facts
0	us	confirmed_7dav_incidence_num	2021-02-27	2022-02-18	356	0	5	5	65429.7142857			nation	usa-facts
0	us	confirmed_7dav_incidence_num	2021-02-28	2022-02-18	355	0	5	5	64976.4285714			nation	usa-facts
0	us	confirmed_7dav_incidence_num	2021-03-01	2022-02-18	354	0	5	5	64311.1428571			nation	usa-facts
0	us	confirmed_7dav_incidence_num	2021-03-02	2022-02-18	353	0	5	5	62442.2857143			nation	usa-facts
0	us	confirmed_7dav_incidence_num	2021-03-03	2022-02-18	352	0	5	5	61645.4285714			nation	usa-facts
0	us	confirmed_7dav_incidence_num	2021-03-04	2022-02-18	351	0	5	5	60013.1428571			nation	usa-facts
0	us	confirmed_7dav_incidence_num	2021-03-05	2022-02-18	350	0	5	5	60536.4285714			nation	usa-facts
0	us	confirmed_7dav_incidence_num	2021-03-06	2022-02-18	349	0	5	5	57285.0			nation	usa-facts
0	us	confirmed_7dav_incidence_num	2021-03-07	2022-02-18	348	0	5	5	56023.2857143			nation	usa-facts
0	us	confirmed_7dav_incidence_num	2021-03-08	2022-02-18	347	0	5	5	55597.4285714			nation	usa-facts
0	us	confirmed_7dav_incidence_num	2021-03-09	2022-02-18	346	0	5	5	55614.8571429			nation	usa-facts
0	us	confirmed_7dav_incidence_num	2021-03-10	2022-02-18	345	0	5	5	54058.4285714			nation	usa-facts
0	us	confirmed_7dav_incidence_num	2021-03-11	2022-02-18	344	0	5	5	53099.0			nation	usa-facts
0	us	confirmed_7dav_incidence_num	2021-03-12	2022-02-18	343	0	5	5	52101.2857143			nation	usa-facts
0	us	confirmed_7dav_incidence_num	2021-03-13	2022-02-18	342	0	5	5	52677.2857143			nation	usa-facts
0	us	confirmed_7dav_incidence_num	2021-03-14	2022-02-18	341	0	5	5	53095.7142857			nation	usa-facts
0	us	confirmed_7dav_incidence_num	2021-03-15	2022-02-18	340	0	5	5	53388.8571429			nation	usa-facts
0	us	confirmed_7dav_incidence_num	2021-03-16	2022-02-18	339	0	5	5	53006.1428571			nation	usa-facts
0	us	confirmed_7dav_incidence_num	2021-03-17	2022-02-18	338	0	5	5	53056.5714286			nation	usa-facts
0	us	confirmed_7dav_incidence_num	2021-03-18	2022-02-18	337	0	5	5	52996.1428571			nation	usa-facts
0	us	confirmed_7dav_incidence_num	2021-03-19	2022-02-18	336	0	5	5	52759.5714286			nation	usa-facts
0	us	confirmed_7dav_incidence_num	2021-03-20	2022-02-18	335	0	5	5	51519.1428571			nation	usa-facts
0	us	confirmed_7dav_incidence_num	2021-03-21	2022-02-18	334	0	5	5	50598.4285714			nation	usa-facts
0	us	confirmed_7dav_incidence_num	2021-03-22	2022-02-18	333	0	5	5	50469.8571429			nation	usa-facts
0	us	confirmed_7dav_incidence_num	2021-03-23	2022-02-18	332	0	5	5	50880.4285714			nation	usa-facts
0	us	confirmed_7dav_incidence_num	2021-03-24	2022-02-18	331	0	5	5	56838.1428571			nation	usa-facts
0	us	confirmed_7dav_incidence_num	2021-03-25	2022-02-18	330	0	5	5	57242.2857143			nation	usa-facts
0	us	confirmed_7dav_incidence_num	2021-03-26	2022-02-18	329	0	5	5	59372.4285714			nation	usa-facts
0	us	confirmed_7dav_incidence_num	2021-03-27	2022-02-18	328	0	5	5	61242.2857143			nation	usa-facts
0	us	confirmed_7dav_incidence_num	2021-03-28	2022-02-18	327	0	5	5	64528.0			nation	usa-facts
0	us	confirmed_7dav_incidence_num	2021-03-29	2022-02-18	326	0	5	5	66405.7142857			nation	usa-facts
0	us	confirmed_7dav_incidence_num	2021-03-30	2022-02-18	325	0	5	5	66380.8571429			nation	usa-facts
0	us	confirmed_7dav_incidence_num	2021-03-31	2022-02-18	324	0	5	5	62849.4285714			nation	usa-facts
0	us	confirmed_7dav_incidence_num	2021-04-01	2022-02-18	323	0	5	5	65060.0			nation	usa-facts
0	us	confirmed_7dav_incidence_num	2021-04-02	2022-02-18	322	0	5	5	64650.4285714			nation	usa-facts
0	us	confirmed_7dav_incidence_num	2021-04-03	2022-02-18	321	0	5	5	64647.0			nation	usa-facts
0	us	confirmed_7dav_incidence_num	2021-04-04	2022-02-18	320	0	5	5	61303.8571429			nation	usa-facts
0	us	confirmed_7dav_incidence_num	2021-04-05	2022-02-18	319	0	5	5	61836.0			nation	usa-facts
0	us	confirmed_7dav_incidence_num	2021-04-06	2022-02-18	318	0	5	5	65278.2857143			nation	usa-facts
0	us	confirmed_7dav_incidence_num	2021-04-07	2022-02-18	317	0	5	5	65346.7142857			nation	usa-facts
0	us	confirmed_7dav_incidence_num	2021-04-08	2022-02-18	316	0	5	5	65682.7142857			nation	usa-facts
0	us	confirmed_7dav_incidence_num	2021-04-09	2022-02-18	315	0	5	5	67301.8571429			nation	usa-facts
0	us	confirmed_7dav_incidence_num	2021-04-10	2022-02-18	314	0	5	5	67830.2857143			nation	usa-facts
0	us	confirmed_7dav_incidence_num	2021-04-11	2022-02-18	313	0	5	5	68654.4285714			nation	usa-facts
0	us	confirmed_7dav_incidence_num	2021-04-12	2022-02-18	312	0	5	5	68421.2857143			nation	usa-facts
0	us	confirmed_7dav_incidence_num	2021-04-13	2022-02-18	311	0	5	5	68573.5714286			nation	usa-facts
0	us	confirmed_7dav_incidence_num	2021-04-14	2022-02-18	310	0	5	5	68643.1428571			nation	usa-facts
0	us	confirmed_7dav_incidence_num	2021-04-15	2022-02-18	309	0	5	5	67711.1428571			nation	usa-facts
0	us	confirmed_7dav_incidence_num	2021-04-16	2022-02-18	308	0	5	5	66791.0			nation	usa-facts
0	us	confirmed_7dav_incidence_num	2021-04-17	2022-02-18	307	0	5	5	66719.4285714			nation	usa-facts
0	us	confirmed_7dav_incidence_num	2021-04-18	2022-02-18	306	0	5	5	66567.7142857			nation	usa-facts
0	us	confirmed_7dav_incidence_num	2021-04-19	2021-10-21	185	0	5	5	66208.2857143			nation	usa-facts
0	us	confirmed_7dav_incidence_num	2021-04-20	2022-02-18	304	0	5	5	63404.2857143			nation	usa-facts
0	us	confirmed_7dav_incidence_num	2021-04-21	2022-02-18	303	0	5	5	61774.1428571			nation	usa-facts
0	us	confirmed_7dav_incidence_num	2021-04-22	2022-02-18	302	0	5	5	60547.8571429			nation	usa-facts
0	us	confirmed_7dav_incidence_num	2021-04-23	2022-02-18	301	0	5	5	59050.5714286			nation	usa-facts
0	us	confirmed_7dav_incidence_num	2021-04-24	2022-02-18	300	0	5	5	56804.7142857			nation	usa-facts
0	us	confirmed_7dav_incidence_num	2021-04-25	2022-02-18	299	0	5	5	55773.7142857			nation	usa-facts
0	us	confirmed_7dav_incidence_num	2021-04-26	2022-02-18	298	0	5	5	53766.4285714			nation	usa-facts
0	us	confirmed_7dav_incidence_num	2021-04-27	2022-02-18	297	0	5	5	52139.1428571			nation	usa-facts
0	us	confirmed_7dav_incidence_num	2021-04-28	2022-02-18	296	0	5	5	51251.5714286			nation	usa-facts
0	us	confirmed_7dav_incidence_num	2021-04-29	2022-02-18	295	0	5	5	50443.1428571			nation	usa-facts
0	us	confirmed_7dav_incidence_num	2021-04-30	2022-02-18	294	0	5	5	49205.8571429			nation	usa-facts
0	us	confirmed_7dav_incidence_num	2021-05-01	2022-02-18	293	0	5	5	48870.4285714			nation	usa-facts
0	us	confirmed_7dav_incidence_num	2021-05-02	2022-02-18	292	0	5	5	47848.5714286			nation	usa-facts
0	us	confirmed_7dav_incidence_num	2021-05-03	2022-02-18	291	0	5	5	47978.0			nation	usa-facts
0	us	confirmed_7dav_incidence_num	2021-05-04	2022-02-18	290	0	5	5	47163.8571429			nation	usa-facts
0	us	confirmed_7dav_incidence_num	2021-05-05	2022-02-18	289	0	5	5	45395.4285714			nation	usa-facts
0	us	confirmed_7dav_incidence_num	2021-05-06	2022-02-18	288	0	5	5	43635.2857143			nation	usa-facts
0	us	confirmed_7dav_incidence_num	2021-05-07	2022-02-18	287	0	5	5	42377.1428571			nation	usa-facts
0	us	confirmed_7dav_incidence_num	2021-05-08	2022-02-18	286	0	5	5	40601.1428571			nation	usa-facts
0	us	confirmed_7dav_incidence_num	2021-05-09	2022-02-18	285	0	5	5	39529.0			nation	usa-facts
0	us	confirmed_7dav_incidence_num	2021-05-10	2022-02-18	284	0	5	5	38103.4285714			nation	usa-facts
0	us	confirmed_7dav_incidence_num	2021-05-11	2022-02-18	283	0	5	5	36774.7142857			nation	usa-facts
0	us	confirmed_7dav_incidence_num	2021-05-12	2022-02-18	282	0	5	5	35613.0			nation	usa-facts
0	us	confirmed_7dav_incidence_num	2021-05-13	2022-02-18	281	0	5	5	34571.0			nation	usa-facts
0	us	confirmed_7dav_incidence_num	2021-05-14	2022-02-18	280	0	5	5	33797.1428571			nation	usa-facts
0	us	confirmed_7dav_incidence_num	2021-05-15	2022-02-18	279	0	5	5	32777.4285714			nation	usa-facts
0	us	confirmed_7dav_incidence_num	2021-05-16	2022-02-18	278	0	5	5	32288.2857143			nation	usa-facts
0	us	confirmed_7dav_incidence_num	2021-05-17	2022-02-18	277	0	5	5	31220.4285714			nation	usa-facts
0	us	confirmed_7dav_incidence_num	2021-05-18	2022-02-18	276	0	5	5	30247.7142857			nation	usa-facts
0	us	confirmed_7dav_incidence_num	2021-05-19	2022-02-18	275	0	5	5	29249.4285714			nation	usa-facts
0	us	confirmed_7dav_incidence_num	2021-05-20	2022-02-18	274	0	5	5	28194.1428571			nation	usa-facts
0	us	confirmed_7dav_incidence_num	2021-05-21	2022-02-18	273	0	5	5	26428.8571429			nation	usa-facts
0	us	confirmed_7dav_incidence_num	2021-05-22	2022-02-18	272	0	5	5	24995.8571429			nation	usa-facts
0	us	confirmed_7dav_incidence_num	2021-05-23	2022-02-18	271	0	5	5	24426.0			nation	usa-facts
0	us	confirmed_7dav_incidence_num	2021-05-24	2022-02-18	270	0	5	5	23939.7142857			nation	usa-facts
0	us	confirmed_7dav_incidence_num	2021-05-25	2022-02-18	269	0	5	5	23556.7142857			nation	usa-facts
0	us	confirmed_7dav_incidence_num	2021-05-26	2022-02-18	268	0	5	5	22489.0			nation	usa-facts
0	us	confirmed_7dav_incidence_num	2021-05-27	2022-02-18	267	0	5	5	21574.0			nation	usa-facts
0	us	confirmed_7dav_incidence_num	2021-05-28	2022-02-18	266	0	5	5	20968.1428571			nation	usa-facts
0	us	confirmed_7dav_incidence_num	2021-05-29	2022-02-18	265	0	5	5	20026.4285714			nation	usa-facts
0	us	confirmed_7dav_incidence_num	2021-05-30	2022-02-18	264	0	5	5	19160.4285714			nation	usa-facts
0	us	confirmed_7dav_incidence_num	2021-05-31	2022-02-18	263	0	5	5	16613.0			nation	usa-facts
0	us	confirmed_7dav_incidence_num	2021-06-01	2022-02-18	262	0	5	5	16388.4285714			nation	usa-facts
0	us	confirmed_7dav_incidence_num	2021-06-02	2022-02-18	261	0	5	5	15651.5714286			nation	usa-facts
0	us	confirmed_7dav_incidence_num	2021-06-03	2022-02-18	260	0	5	5	14827.4285714			nation	usa-facts
0	us	confirmed_7dav_incidence_num	2021-06-04	2022-02-18	259	0	5	5	13960.4285714			nation	usa-facts
0	us	confirmed_7dav_incidence_num	2021-06-05	2022-02-18	258	0	5	5	14104.2857143			nation	usa-facts
0	us	confirmed_7dav_incidence_num	2021-06-06	2022-02-18	257	0	5	5	13879.4285714			nation	usa-facts
0	us	confirmed_7dav_incidence_num	2021-06-07	2022-02-18	256	0	5	5	15372.4285714			nation	usa-facts
0	us	confirmed_7dav_incidence_num	2021-06-08	2022-02-18	255	0	5	5	13916.4285714			nation	usa-facts
0	us	confirmed_7dav_incidence_num	2021-06-09	2022-02-18	254	0	5	5	14110.0			nation	usa-facts
0	us	confirmed_7dav_incidence_num	2021-06-10	2022-02-18	253	0	5	5	13610.0			nation	usa-facts
0	us	confirmed_7dav_incidence_num	2021-06-11	2022-02-18	252	0	5	5	9235.0			nation	usa-facts
0	us	confirmed_7dav_incidence_num	2021-06-12	2022-02-18	251	0	5	5	8395.2857143			nation	usa-facts
0	us	confirmed_7dav_incidence_num	2021-06-13	2022-02-18	250	0	5	5	8321.0			nation	usa-facts
0	us	confirmed_7dav_incidence_num	2021-06-14	2021-10-21	129	0	5	5	8099.7142857			nation	usa-facts
0	us	confirmed_7dav_incidence_num	2021-06-15	2021-10-21	128	0	5	5	7962.0			nation	usa-facts
0	us	confirmed_7dav_incidence_num	2021-06-16	2021-10-21	127	0	5	5	7065.2857143			nation	usa-facts
0	us	confirmed_7dav_incidence_num	2021-06-17	2021-10-21	126	0	5	5	6629.2857143			nation	usa-facts
0	us	confirmed_7dav_incidence_num	2021-06-18	2021-10-21	125	0	5	5	11407.8571429			nation	usa-facts
0	us	confirmed_7dav_incidence_num	2021-06-19	2022-02-18	244	0	5	5	11501.2857143			nation	usa-facts
0	us	confirmed_7dav_incidence_num	2021-06-20	2022-02-18	243	0	5	5	11334.2857143			nation	usa-facts
0	us	confirmed_7dav_incidence_num	2021-06-21	2022-02-18	242	0	5	5	11262.0			nation	usa-facts
0	us	confirmed_7dav_incidence_num	2021-06-22	2022-02-18	241	0	5	5	11175.0			nation	usa-facts
0	us	confirmed_7dav_incidence_num	2021-06-23	2021-10-21	120	0	5	5	11257.2857143			nation	usa-facts
0	us	confirmed_7dav_incidence_num	2021-06-24	2022-02-18	239	0	5	5	11478.7142857			nation	usa-facts
0	us	confirmed_7dav_incidence_num	2021-06-25	2022-02-18	238	0	5	5	11933.5714286			nation	usa-facts
0	us	confirmed_7dav_incidence_num	2021-06-26	2022-02-18	237	0	5	5	11875.1428571			nation	usa-facts
0	us	confirmed_7dav_incidence_num	2021-06-27	2022-02-18	236	0	5	5	11939.7142857			nation	usa-facts
0	us	confirmed_7dav_incidence_num	2021-06-28	2022-02-18	235	0	5	5	12440.8571429			nation	usa-facts
0	us	confirmed_7dav_incidence_num	2021-06-29	2022-02-18	234	0	5	5	12772.2857143			nation	usa-facts
0	us	confirmed_7dav_incidence_num	2021-06-30	2022-02-18	233	0	5	5	14118.4285714			nation	usa-facts
0	us	confirmed_7dav_incidence_num	2021-07-01	2022-02-18	232	0	5	5	14835.1428571			nation	usa-facts
0	us	confirmed_7dav_incidence_num	2021-07-02	2022-02-18	231	0	5	5	14493.4285714			nation	usa-facts
0	us	confirmed_7dav_incidence_num	2021-07-03	2022-02-18	230	0	5	5	14468.2857143			nation	usa-facts
0	us	confirmed_7dav_incidence_num	2021-07-04	2022-02-18	229	0	5	5	14719.1428571			nation	usa-facts
0	us	confirmed_7dav_incidence_num	2021-07-05	2022-02-18	228	0	5	5	13479.1428571			nation	usa-facts
0	us	confirmed_7dav_incidence_num	2021-07-06	2022-02-18	227	0	5	5	15527.2857143			nation	usa-facts
0	us	confirmed_7dav_incidence_num	2021-07-07	2022-02-18	226	0	5	5	16050.4285714			nation	usa-facts
0	us	confirmed_7dav_incidence_num	2021-07-08	2021-10-21	105	0	5	5	17410.8571429			nation	usa-facts
0	us	confirmed_7dav_incidence_num	2021-07-09	2022-02-18	224	0	5	5	19186.5714286			nation	usa-facts
0	us	confirmed_7dav_incidence_num	2021-07-10	2022-02-18	223	0	5	5	19981.2857143			nation	usa-facts
0	us	confirmed_7dav_incidence_num	2021-07-11	2022-02-18	222	0	5	5	20976.4285714			nation	usa-facts
0	us	confirmed_7dav_incidence_num	2021-07-12	2022-02-18	221	0	5	5	24848.7142857			nation	usa-facts
0	us	confirmed_7dav_incidence_num	2021-07-13	2022-02-18	220	0	5	5	25841.7142857			nation	usa-facts
0	us	confirmed_7dav_incidence_num	2021-07-14	2022-02-18	219	0	5	5	27980.2857143			nation	usa-facts
0	us	confirmed_7dav_incidence_num	2021-07-15	2022-02-18	218	0	5	5	31038.4285714			nation	usa-facts
0	us	confirmed_7dav_incidence_num	2021-07-16	2022-02-18	217	0	5	5	41590.2857143			nation	usa-facts
0	us	confirmed_7dav_incidence_num	2021-07-17	2022-02-18	216	0	5	5	42128.0			nation	usa-facts
0	us	confirmed_7dav_incidence_num	2021-07-18	2022-02-18	215	0	5	5	42090.1428571			nation	usa-facts
0	us	confirmed_7dav_incidence_num	2021-07-19	2022-02-18	214	0	5	5	44506.5714286			nation	usa-facts
0	us	confirmed_7dav_incidence_num	2021-07-20	2022-02-18	213	0	5	5	45277.5714286			nation	usa-facts
0	us	confirmed_7dav_incidence_num	2021-07-21	2022-02-18	212	0	5	5	46718.5714286			nation	usa-facts
0	us	confirmed_7dav_incidence_num	2021-07-22	2022-02-18	211	0	5	5	47021.7142857			nation	usa-facts
0	us	confirmed_7dav_incidence_num	2021-07-23	2022-02-18	210	0	5	5	41299.1428571			nation	usa-facts
0	us	confirmed_7dav_incidence_num	2021-07-24	2022-02-18	209	0	5	5	44206.2857143			nation	usa-facts
0	us	confirmed_7dav_incidence_num	2021-07-25	2022-02-18	208	0	5	5	46111.1428571			nation	usa-facts
0	us	confirmed_7dav_incidence_num	2021-07-26	2022-02-18	207	0	5	5	52833.8571429			nation	usa-facts
0	us	confirmed_7dav_incidence_num	2021-07-27	2022-02-18	206	0	5	5	58833.0			nation	usa-facts
0	us	confirmed_7dav_incidence_num	2021-07-28	2022-02-18	205	0	5	5	65760.5714286			nation	usa-facts
0	us	confirmed_7dav_incidence_num	2021-07-29	2022-02-18	204	0	5	5	71433.7142857			nation	usa-facts
0	us	confirmed_7dav_incidence_num	2021-07-30	2022-02-18	203	0	5	5	76433.2857143			nation	usa-facts
0	us	confirmed_7dav_incidence_num	2021-07-31	2022-02-18	202	0	5	5	79941.4285714			nation	usa-facts
0	us	confirmed_7dav_incidence_num	2021-08-01	2022-02-18	201	0	5	5	81200.8571429			nation	usa-facts
0	us	confirmed_7dav_incidence_num	2021-08-02	2022-02-18	200	0	5	5	85172.1428571			nation	usa-facts
0	us	confirmed_7dav_incidence_num	2021-08-03	2022-02-18	199	0	5	5	90614.4285714			nation	usa-facts
0	us	confirmed_7dav_incidence_num	2021-08-04	2022-02-18	198	0	5	5	95582.7142857			nation	usa-facts
0	us	confirmed_7dav_incidence_num	2021-08-05	2022-02-18	197	0	5	5	99662.2857143			nation	usa-facts
0	us	confirmed_7dav_incidence_num	2021-08-06	2022-02-18	196	0	5	5	103509.1428571			nation	usa-facts
0	us	confirmed_7dav_incidence_num	2021-08-07	2022-02-18	195	0	5	5	103377.1428571			nation	usa-facts
0	us	confirmed_7dav_incidence_num	2021-08-08	2022-02-18	194	0	5	5	104615.8571429			nation	usa-facts
0	us	confirmed_7dav_incidence_num	2021-08-09	2022-02-18	193	0	5	5	114125.5714286			nation	usa-facts
0	us	confirmed_7dav_incidence_num	2021-08-10	2022-02-18	192	0	5	5	116668.4285714			nation	usa-facts
0	us	confirmed_7dav_incidence_num	2021-08-11	2022-02-18	191	0	5	5	118178.0			nation	usa-facts
0	us	confirmed_7dav_incidence_num	2021-08-12	2022-02-18	190	0	5	5	121962.1428571			nation	usa-facts
0	us	confirmed_7dav_incidence_num	2021-08-13	2022-02-18	189	0	5	5	124309.5714286			nation	usa-facts
0	us	confirmed_7dav_incidence_num	2021-08-14	2022-02-18	188	0	5	5	125157.7142857			nation	usa-facts
0	us	confirmed_7dav_incidence_num	2021-08-15	2022-02-18	187	0	5	5	125771.0			nation	usa-facts
0	us	confirmed_7dav_incidence_num	2021-08-16	2022-02-18	186	0	5	5	128996.2857143			nation	usa-facts
0	us	confirmed_7dav_incidence_num	2021-08-17	2022-02-18	185	0	5	5	128092.2857143			nation	usa-facts
0	us	confirmed_7dav_incidence_num	2021-08-18	2022-02-18	184	0	5	5	133025.2857143			nation	usa-facts
0	us	confirmed_7dav_incidence_num	2021-08-19	2022-02-18	183	0	5	5	132998.2857143			nation	usa-facts
0	us	confirmed_7dav_incidence_num	2021-08-20	2022-02-18	182	0	5	5	132598.0			nation	usa-facts
0	us	confirmed_7dav_incidence_num	2021-08-21	2022-02-18	181	0	5	5	137010.0			nation	usa-facts
0	us	confirmed_7dav_incidence_num	2021-08-22	2022-02-18	180	0	5	5	137490.5714286			nation	usa-facts
0	us	confirmed_7dav_incidence_num	2021-08-23	2022-02-18	179	0	5	5	143500.4285714			nation	usa-facts
0	us	confirmed_7dav_incidence_num	2021-08-24	2022-02-18	178	0	5	5	145038.2857143			nation	usa-facts
0	us	confirmed_7dav_incidence_num	2021-08-25	2022-02-18	177	0	5	5	146699.5714286			nation	usa-facts
0	us	confirmed_7dav_incidence_num	2021-08-26	2022-02-18	176	0	5	5	150919.0			nation	usa-facts
0	us	confirmed_7dav_incidence_num	2021-08-27	2022-02-18	175	0	5	5	151814.0			nation	usa-facts
0	us	confirmed_7dav_incidence_num	2021-08-28	2022-02-18	174	0	5	5	152685.0			nation	usa-facts
0	us	confirmed_7dav_incidence_num	2021-08-29	2022-02-18	173	0	5	5	150877.5714286			nation	usa-facts
0	us	confirmed_7dav_incidence_num	2021-08-30	2022-02-18	172	0	5	5	151161.7142857			nation	usa-facts
0	us	confirmed_7dav_incidence_num	2021-08-31	2022-02-18	171	0	5	5	155964.8571429			nation	usa-facts
0	us	confirmed_7dav_incidence_num	2021-09-01	2022-02-18	170	0	5	5	158544.1428571			nation	usa-facts
0	us	confirmed_7dav_incidence_num	2021-09-02	2022-02-18	169	0	5	5	156507.1428571			nation	usa-facts
0	us	confirmed_7dav_incidence_num	2021-09-03	2022-02-18	168	0	5	5	157563.4285714			nation	usa-facts
0	us	confirmed_7dav_incidence_num	2021-09-04	2022-02-18	167	0	5	5	147482.4285714			nation	usa-facts
0	us	confirmed_7dav_incidence_num	2021-09-05	2022-02-18	166	0	5	5	158296.7142857			nation	usa-facts
0	us	confirmed_7dav_incidence_num	2021-09-06	2022-02-18	165	0	5	5	130713.1428571			nation	usa-facts
0	us	confirmed_7dav_incidence_num	2021-09-07	2022-02-18	164	0	5	5	146639.8571429			nation	usa-facts
0	us	confirmed_7dav_incidence_num	2021-09-08	2022-02-18	163	0	5	5	145002.8571429			nation	usa-facts
0	us	confirmed_7dav_incidence_num	2021-09-09	2021-10-21	42	0	5	5	143173.1428571			nation	usa-facts
0	us	confirmed_7dav_incidence_num	2021-09-10	2022-02-18	161	0	5	5	143560.1428571			nation	usa-facts
0	us	confirmed_7dav_incidence_num	2021-09-11	2022-02-18	160	0	5	5	151539.0			nation	usa-facts
0	us	confirmed_7dav_incidence_num	2021-09-12	2022-02-18	159	0	5	5	141614.0			nation	usa-facts
0	us	confirmed_7dav_incidence_num	2021-09-13	2021-10-21	38	0	5	5	170587.8571429			nation	usa-facts
0	us	confirmed_7dav_incidence_num	2021-09-14	2021-10-21	37	0	5	5	149068.1428571			nation	usa-facts
0	us	confirmed_7dav_incidence_num	2021-09-15	2021-10-21	36	0	5	5	146833.7142857			nation	usa-facts
0	us	confirmed_7dav_incidence_num	2021-09-16	2022-02-18	155	0	5	5	144073.0			nation	usa-facts
0	us	confirmed_7dav_incidence_num	2021-09-17	2022-02-18	154	0	5	5	144644.2857143			nation	usa-facts
0	us	confirmed_7dav_incidence_num	2021-09-18	2022-02-18	153	0	5	5	144499.4285714			nation	usa-facts
0	us	confirmed_7dav_incidence_num	2021-09-19	2022-02-18	152	0	5	5	142118.2857143			nation	usa-facts
0	us	confirmed_7dav_incidence_num	2021-09-20	2021-10-21	31	0	5	5	132546.8571429			nation	usa-facts
0	us	confirmed_7dav_incidence_num	2021-09-21	2021-10-21	30	0	5	5	131297.0			nation	usa-facts
0	us	confirmed_7dav_incidence_num	2021-09-22	2021-10-21	29	0	5	5	128680.4285714			nation	usa-facts
0	us	confirmed_7dav_incidence_num	2021-09-23	2022-02-18	148	0	5	5	128034.1428571			nation	usa-facts
0	us	confirmed_7dav_incidence_num	2021-09-24	2022-02-18	147	0	5	5	121535.4285714			nation	usa-facts
0	us	confirmed_7dav_incidence_num	2021-09-25	2022-02-18	146	0	5	5	118328.7142857			nation	usa-facts
0	us	confirmed_7dav_incidence_num	2021-09-26	2021-10-21	25	0	5	5	119457.1428571			nation	usa-facts
0	us	confirmed_7dav_incidence_num	2021-09-27	2021-10-21	24	0	5	5	116030.8571429			nation	usa-facts
0	us	confirmed_7dav_incidence_num	2021-09-28	2021-10-21	23	0	5	5	114376.2857143			nation	usa-facts
0	us	confirmed_7dav_incidence_num	2021-09-29	2021-10-21	22	0	5	5	111501.8571429			nation	usa-facts
0	us	confirmed_7dav_incidence_num	2021-09-30	2021-10-21	21	0	5	5	108578.1428571			nation	usa-facts
0	us	confirmed_7dav_incidence_num	2021-10-01	2022-02-18	140	0	5	5	107694.1428571			nation	usa-facts
0	us	confirmed_7dav_incidence_num	2021-10-02	2022-02-18	139	0	5	5	106665.1428571			nation	usa-facts
0	us	confirmed_7dav_incidence_num	2021-10-03	2021-10-21	18	0	5	5	105142.0			nation	usa-facts
0	us	confirmed_7dav_incidence_num	2021-10-04	2021-10-21	17	0	5	5	104493.7142857			nation	usa-facts
0	us	confirmed_7dav_incidence_num	2021-10-05	2021-10-21	16	0	5	5	100650.7142857			nation	usa-facts
0	us	confirmed_7dav_incidence_num	2021-10-06	2021-10-21	15	0	5	5	99106.2857143			nation	usa-facts
0	us	confirmed_7dav_incidence_num	2021-10-07	2021-10-21	14	0	5	5	98439.8571429			nation	usa-facts
0	us	confirmed_7dav_incidence_num	2021-10-08	2022-02-18	133	0	5	5	96912.8571429			nation	usa-facts
0	us	confirmed_7dav_incidence_num	2021-10-09	2022-02-18	132	0	5	5	95382.0			nation	usa-facts
0	us	confirmed_7dav_incidence_num	2021-10-10	2022-02-18	131	0	5	5	94939.1428571			nation	usa-facts
0	us	confirmed_7dav_incidence_num	2021-10-11	2021-10-21	10	0	5	5	86961.8571429			nation	usa-facts
0	us	confirmed_7dav_incidence_num	2021-10-12	2021-10-28	16	0	5	5	88037.4285714			nation	usa-facts
0	us	confirmed_7dav_incidence_num	2021-10-13	2021-10-21	8	0	5	5	87865.5714286			nation	usa-facts
0	us	confirmed_7dav_incidence_num	2021-10-14	2021-10-21	7	0	5	5	85704.2857143			nation	usa-facts
0	us	confirmed_7dav_incidence_num	2021-10-15	2022-02-18	126	0	5	5	84511.5714286			nation	usa-facts
0	us	confirmed_7dav_incidence_num	2021-10-16	2022-02-18	125	0	5	5	82530.8571429			nation	usa-facts
0	us	confirmed_7dav_incidence_num	2021-10-17	2022-02-18	124	0	5	5	82416.1428571			nation	usa-facts
0	us	confirmed_7dav_incidence_num	2021-10-18	2021-10-23	5	0	5	5	81823.0			nation	usa-facts
0	us	confirmed_7dav_incidence_num	2021-10-19	2021-10-28	9	0	5	5	80359.2857143			nation	usa-facts
0	us	confirmed_7dav_incidence_num	2021-10-20	2021-10-25	5	0	5	5	73577.7142857			nation	usa-facts
0	us	confirmed_7dav_incidence_num	2021-10-21	2022-02-18	120	0	5	5	71684.7142857			nation	usa-facts
0	us	confirmed_7dav_incidence_num	2021-10-22	2022-02-18	119	0	5	5	71160.8571429			nation	usa-facts
0	us	confirmed_7dav_incidence_num	2021-10-23	2022-02-18	118	0	5	5	72453.4285714			nation	usa-facts
0	us	confirmed_7dav_incidence_num	2021-10-24	2022-02-18	117	0	5	5	72724.8571429			nation	usa-facts
0	us	confirmed_7dav_incidence_num	2021-10-25	2022-02-18	116	0	5	5	72835.8571429			nation	usa-facts
0	us	confirmed_7dav_incidence_num	2021-10-26	2022-02-18	115	0	5	5	71166.0			nation	usa-facts
0	us	confirmed_7dav_incidence_num	2021-10-27	2022-02-18	114	0	5	5	71471.2857143			nation	usa-facts
0	us	confirmed_7dav_incidence_num	2021-10-28	2022-02-18	113	0	5	5	72015.2857143			nation	usa-facts
0	us	confirmed_7dav_incidence_num	2021-10-29	2022-02-18	112	0	5	5	74343.1428571			nation	usa-facts
0	us	confirmed_7dav_incidence_num	2021-10-30	2022-02-18	111	0	5	5	72464.8571429			nation	usa-facts
0	us	confirmed_7dav_incidence_num	2021-10-31	2022-02-18	110	0	5	5	72350.5714286			nation	usa-facts
0	us	confirmed_7dav_incidence_num	2021-11-01	2022-02-18	109	0	5	5	71857.1428571			nation	usa-facts
0	us	confirmed_7dav_incidence_num	2021-11-02	2022-02-18	108	0	5	5	71045.8571429			nation	usa-facts
0	us	confirmed_7dav_incidence_num	2021-11-03	2022-02-18	107	0	5	5	71698.4285714			nation	usa-facts
0	us	confirmed_7dav_incidence_num	2021-11-04	2022-02-18	106	0	5	5	70595.8571429			nation	usa-facts
0	us	confirmed_7dav_incidence_num	2021-11-05	2022-02-18	105	0	5	5	71256.7142857			nation	usa-facts
0	us	confirmed_7dav_incidence_num	2021-11-06	2022-02-18	104	0	5	5	71595.1428571			nation	usa-facts
0	us	confirmed_7dav_incidence_num	2021-11-07	2022-02-18	103	0	5	5	72567.2857143			nation	usa-facts
0	us	confirmed_7dav_incidence_num	2021-11-08	2022-02-18	102	0	5	5	72787.2857143			nation	usa-facts
0	us	confirmed_7dav_incidence_num	2021-11-09	2022-02-18	101	0	5	5	73060.1428571			nation	usa-facts
0	us	confirmed_7dav_incidence_num	2021-11-10	2022-02-18	100	0	5	5	75568.7142857			nation	usa-facts
0	us	confirmed_7dav_incidence_num	2021-11-11	2022-02-18	99	0	5	5	74463.2857143			nation	usa-facts
0	us	confirmed_7dav_incidence_num	2021-11-12	2021-12-04	22	0	5	5	78384.1428571			nation	usa-facts
0	us	confirmed_7dav_incidence_num	2021-11-13	2021-12-04	21	0	5	5	80621.8571429			nation	usa-facts
0	us	confirmed_7dav_incidence_num	2021-11-14	2021-12-04	20	0	5	5	79549.5714286			nation	usa-facts
0	us	confirmed_7dav_incidence_num	2021-11-15	2022-02-18	95	0	5	5	85346.7142857			nation	usa-facts
0	us	confirmed_7dav_incidence_num	2021-11-16	2022-02-18	94	0	5	5	85546.2857143			nation	usa-facts
0	us	confirmed_7dav_incidence_num	2021-11-17	2022-02-18	93	0	5	5	86732.7142857			nation	usa-facts
0	us	confirmed_7dav_incidence_num	2021-11-18	2022-02-18	92	0	5	5	94405.1428571			nation	usa-facts
0	us	confirmed_7dav_incidence_num	2021-11-19	2021-11-23	4	0	5	5	91883.8571429			nation	usa-facts
0	us	confirmed_7dav_incidence_num	2021-11-20	2021-11-25	5	0	5	5	89649.2857143			nation	usa-facts
0	us	confirmed_7dav_incidence_num	2021-11-21	2021-11-25	4	0	5	5	90700.0			nation	usa-facts
0	us	confirmed_7dav_incidence_num	2021-11-22	2022-02-18	88	0	5	5	92913.8571429			nation	usa-facts
0	us	confirmed_7dav_incidence_num	2021-11-23	2022-02-18	87	0	5	5	95443.4285714			nation	usa-facts
0	us	confirmed_7dav_incidence_num	2021-11-24	2022-02-18	86	0	5	5	95748.5714286			nation	usa-facts
0	us	confirmed_7dav_incidence_num	2021-11-25	2021-12-03	8	0	5	5	84220.2857143			nation	usa-facts
0	us	confirmed_7dav_incidence_num	2021-11-26	2021-12-03	7	0	5	5	79429.8571429			nation	usa-facts
0	us	confirmed_7dav_incidence_num	2021-11-27	2021-12-02	5	0	5	5	78946.7142857			nation	usa-facts
0	us	confirmed_7dav_incidence_num	2021-11-28	2021-12-03	5	0	5	5	77994.4285714			nation	usa-facts
0	us	confirmed_7dav_incidence_num	2021-11-29	2021-12-04	5	0	5	5	80842.2857143			nation	usa-facts
0	us	confirmed_7dav_incidence_num	2021-11-30	2021-12-05	5	0	5	5	82234.5714286			nation	usa-facts
0	us	confirmed_7dav_incidence_num	2021-12-01	2021-12-05	4	0	5	5	86712.8571429			nation	usa-facts
0	us	confirmed_7dav_incidence_num	2021-12-02	2021-12-05	3	0	5	5	99667.2857143			nation	usa-facts
0	us	confirmed_7dav_incidence_num	2021-12-03	2021-12-08	5	0	5	5	110663.0			nation	usa-facts
0	us	confirmed_7dav_incidence_num	2021-12-04	2021-12-09	5	0	5	5	112083.1428571			nation	usa-facts
0	us	confirmed_7dav_incidence_num	2021-12-05	2021-12-10	5	0	5	5	115334.7142857			nation	usa-facts
0	us	confirmed_7dav_incidence_num	2021-12-06	2021-12-10	4	0	5	5	116057.7142857			nation	usa-facts
0	us	confirmed_7dav_incidence_num	2021-12-07	2021-12-10	3	0	5	5	116352.4285714			nation	usa-facts
0	us	confirmed_7dav_incidence_num	2021-12-08	2021-12-10	2	0	5	5	116427.5714286			nation	usa-facts
0	us	confirmed_7dav_incidence_num	2021-12-09	2021-12-15	6	0	5	5	117707.8571429			nation	usa-facts
0	us	confirmed_7dav_incidence_num	2021-12-10	2021-12-15	5	0	5	5	118456.0			nation	usa-facts
0	us	confirmed_7dav_incidence_num	2021-12-11	2021-12-15	4	0	5	5	118614.7142857			nation	usa-facts
0	us	confirmed_7dav_incidence_num	2021-12-12	2021-12-15	3	0	5	5	118575.4285714			nation	usa-facts
0	us	confirmed_7dav_incidence_num	2021-12-13	2021-12-18	5	0	5	5	119502.2857143			nation	usa-facts
0	us	confirmed_7dav_incidence_num	2021-12-14	2021-12-19	5	0	5	5	120941.7142857			nation	usa-facts
0	us	confirmed_7dav_incidence_num	2021-12-15	2021-12-19	4	0	5	5	121658.1428571			nation	usa-facts
0	us	confirmed_7dav_incidence_num	2021-12-16	2021-12-22	6	0	5	5	124774.8571429			nation	usa-facts
0	us	confirmed_7dav_incidence_num	2021-12-17	2021-12-23	6	0	5	5	125218.4285714			nation	usa-facts
0	us	confirmed_7dav_incidence_num	2021-12-18	2021-12-24	6	0	5	5	135783.7142857			nation	usa-facts
0	us	confirmed_7dav_incidence_num	2021-12-19	2021-12-25	6	0	5	5	139709.4285714			nation	usa-facts
0	us	confirmed_7dav_incidence_num	2021-12-20	2021-12-25	5	0	5	5	152337.0			nation	usa-facts
0	us	confirmed_7dav_incidence_num	2021-12-21	2021-12-25	4	0	5	5	164067.5714286			nation	usa-facts
0	us	confirmed_7dav_incidence_num	2021-12-22	2021-12-25	3	0	5	5	176406.0			nation	usa-facts
0	us	confirmed_7dav_incidence_num	2021-12-23	2021-12-29	6	0	5	5	197337.2857143			nation	usa-facts
0	us	confirmed_7dav_incidence_num	2021-12-24	2021-12-30	6	0	5	5	203321.0			nation	usa-facts
0	us	confirmed_7dav_incidence_num	2021-12-25	2021-12-30	5	0	5	5	202060.4285714			nation	usa-facts
0	us	confirmed_7dav_incidence_num	2021-12-26	2022-01-01	6	0	5	5	223123.7142857			nation	usa-facts
0	us	confirmed_7dav_incidence_num	2021-12-27	2022-01-01	5	0	5	5	246358.7142857			nation	usa-facts
0	us	confirmed_7dav_incidence_num	2021-12-28	2022-01-01	4	0	5	5	267010.8571429			nation	usa-facts
0	us	confirmed_7dav_incidence_num	2021-12-29	2022-01-04	6	0	5	5	305434.0			nation	usa-facts
0	us	confirmed_7dav_incidence_num	2021-12-30	2022-01-05	6	0	5	5	337392.4285714			nation	usa-facts
0	us	confirmed_7dav_incidence_num	2021-12-31	2022-01-06	6	0	5	5	397459.0			nation	usa-facts
0	us	confirmed_7dav_incidence_num	2022-01-01	2022-01-07	6	0	5	5	418518.2857143			nation	usa-facts
0	us	confirmed_7dav_incidence_num	2022-01-02	2022-01-08	6	0	5	5	414469.2857143			nation	usa-facts
0	us	confirmed_7dav_incidence_num	2022-01-03	2022-01-09	6	0	5	5	504546.2857143			nation	usa-facts
0	us	confirmed_7dav_incidence_num	2022-01-04	2022-01-09	5	0	5	5	544558.8571429			nation	usa-facts
0	us	confirmed_7dav_incidence_num	2022-01-05	2022-01-09	4	0	5	5	553201.5714286			nation	usa-facts
0	us	confirmed_7dav_incidence_num	2022-01-06	2022-01-12	6	0	5	5	634987.0			nation	usa-facts
0	us	confirmed_7dav_incidence_num	2022-01-07	2022-01-12	5	0	5	5	655757.4285714			nation	usa-facts
0	us	confirmed_7dav_incidence_num	2022-01-08	2022-01-14	6	0	5	5	706382.7142857			nation	usa-facts
0	us	confirmed_7dav_incidence_num	2022-01-09	2022-02-18	40	0	5	5	733225.4285714			nation	usa-facts
0	us	confirmed_7dav_incidence_num	2022-01-10	2022-01-16	6	0	5	5	753715.0			nation	usa-facts
0	us	confirmed_7dav_incidence_num	2022-01-11	2022-01-16	5	0	5	5	761423.0			nation	usa-facts
0	us	confirmed_7dav_incidence_num	2022-01-12	2022-01-16	4	0	5	5	793051.4285714			nation	usa-facts
0	us	confirmed_7dav_incidence_num	2022-01-13	2022-01-19	6	0	5	5	777931.7142857			nation	usa-facts
0	us	confirmed_7dav_incidence_num	2022-01-14	2022-01-20	6	0	5	5	782128.7142857			nation	usa-facts
0	us	confirmed_7dav_incidence_num	2022-01-15	2022-01-20	5	0	5	5	734051.0			nation	usa-facts
0	us	confirmed_7dav_incidence_num	2022-01-16	2022-02-18	33	0	5	5	753951.1428571			nation	usa-facts
0	us	confirmed_7dav_incidence_num	2022-01-17	2022-01-23	6	0	5	5	695046.1428571			nation	usa-facts
0	us	confirmed_7dav_incidence_num	2022-01-18	2022-01-23	5	0	5	5	734889.1428571			nation	usa-facts
0	us	confirmed_7dav_incidence_num	2022-01-19	2022-01-25	6	0	5	5	773735.4285714			nation	usa-facts
0	us	confirmed_7dav_incidence_num	2022-01-20	2022-01-25	5	0	5	5	720497.7142857			nation	usa-facts
0	us	confirmed_7dav_incidence_num	2022-01-21	2022-01-26	5	0	5	5	696741.2857143			nation	usa-facts
0	us	confirmed_7dav_incidence_num	2022-01-22	2022-01-27	5	0	5	5	696518.1428571			nation	usa-facts
0	us	confirmed_7dav_incidence_num	2022-01-23	2022-02-18	26	0	5	5	658965.1428571			nation	usa-facts
0	us	confirmed_7dav_incidence_num	2022-01-24	2022-01-29	5	0	5	5	685640.5714286			nation	usa-facts
0	us	confirmed_7dav_incidence_num	2022-01-25	2022-01-30	5	0	5	5	609552.4285714			nation	usa-facts
0	us	confirmed_7dav_incidence_num	2022-01-26	2022-01-30	4	0	5	5	554248.1428571			nation	usa-facts
0	us	confirmed_7dav_incidence_num	2022-01-27	2022-02-01	5	0	5	5	537939.2857143			nation	usa-facts
0	us	confirmed_7dav_incidence_num	2022-01-28	2022-02-01	4	0	5	5	508180.4285714			nation	usa-facts
0	us	confirmed_7dav_incidence_num	2022-01-29	2022-02-03	5	0	5	5	492187.5714286			nation	usa-facts
0	us	confirmed_7dav_incidence_num	2022-01-30	2022-02-18	19	0	5	5	468650.8571429			nation	usa-facts
0	us	confirmed_7dav_incidence_num	2022-01-31	2022-02-05	5	0	5	5	416771.8571429			nation	usa-facts
0	us	confirmed_7dav_incidence_num	2022-02-01	2022-02-06	5	0	5	5	405847.4285714			nation	usa-facts
0	us	confirmed_7dav_incidence_num	2022-02-02	2022-02-06	4	0	5	5	350300.1428571			nation	usa-facts
0	us	confirmed_7dav_incidence_num	2022-02-03	2022-02-18	15	0	5	5	319468.5714286			nation	usa-facts
0	us	confirmed_7dav_incidence_num	2022-02-04	2022-02-18	14	0	5	5	300742.4285714			nation	usa-facts
0	us	confirmed_7dav_incidence_num	2022-02-05	2022-02-18	13	0	5	5	292445.5714286			nation	usa-facts
0	us	confirmed_7dav_incidence_num	2022-02-06	2022-02-18	12	0	5	5	304231.7142857			nation	usa-facts
0	us	confirmed_7dav_incidence_num	2022-02-07	2022-02-12	5	0	5	5	257566.1428571			nation	usa-facts
0	us	confirmed_7dav_incidence_num	2022-02-08	2022-02-12	4	0	5	5	228048.0			nation	usa-facts
0	us	confirmed_7dav_incidence_num	2022-02-09	2022-02-12	3	0	5	5	218495.7142857			nation	usa-facts
0	us	confirmed_7dav_incidence_num	2022-02-10	2022-02-18	8	0	5	5	201423.8571429			nation	usa-facts
0	us	confirmed_7dav_incidence_num	2022-02-11	2022-02-18	7	0	5	5	184737.4285714			nation	usa-facts
0	us	confirmed_7dav_incidence_num	2022-02-12	2022-02-18	6	0	5	5	182241.0			nation	usa-facts
0	us	confirmed_7dav_incidence_num	2022-02-13	2022-02-18	5	0	5	5	163936.7142857			nation	usa-facts
0	us	confirmed_7dav_incidence_num	2022-02-14	2022-02-19	5	0	5	5	144731.7142857			nation	usa-facts
0	us	confirmed_7dav_incidence_num	2022-02-15	2022-02-19	4	0	5	5	138386.1428571			nation	usa-facts
0	us	confirmed_7dav_incidence_num	2022-02-16	2022-02-19	3	0	5	5	123084.4285714			nation	usa-facts
0	us	confirmed_7dav_incidence_num	2022-02-17	2022-03-19	30	0	5	5	111444.1428571			nation	usa-facts
0	us	confirmed_7dav_incidence_num	2022-02-18	2022-02-23	5	0	5	5	100422.7142857			nation	usa-facts
0	us	confirmed_7dav_incidence_num	2022-02-19	2022-02-24	5	0	5	5	99365.1428571			nation	usa-facts
0	us	confirmed_7dav_incidence_num	2022-02-20	2022-03-19	27	0	5	5	96920.5714286			nation	usa-facts
0	us	confirmed_7dav_incidence_num	2022-02-21	2022-03-19	26	0	5	5	81931.5714286			nation	usa-facts
0	us	confirmed_7dav_incidence_num	2022-02-22	2022-02-27	5	0	5	5	77133.5714286			nation	usa-facts
0	us	confirmed_7dav_incidence_num	2022-02-23	2022-03-03	8	0	5	5	76914.0			nation	usa-facts
0	us	confirmed_7dav_incidence_num	2022-02-24	2022-03-19	23	0	5	5	71655.2857143			nation	usa-facts
0	us	confirmed_7dav_incidence_num	2022-02-25	2022-03-19	22	0	5	5	68937.5714286			nation	usa-facts
0	us	confirmed_7dav_incidence_num	2022-02-26	2022-03-19	21	0	5	5	61133.7142857			nation	usa-facts
0	us	confirmed_7dav_incidence_num	2022-02-27	2022-03-19	20	0	5	5	62035.1428571			nation	usa-facts
0	us	confirmed_7dav_incidence_num	2022-02-28	2022-03-19	19	0	5	5	62737.8571429			nation	usa-facts
0	us	confirmed_7dav_incidence_num	2022-03-01	2022-03-06	5	0	5	5	61144.4285714			nation	usa-facts
0	us	confirmed_7dav_incidence_num	2022-03-02	2022-03-06	4	0	5	5	51956.8571429			nation	usa-facts
0	us	confirmed_7dav_incidence_num	2022-03-03	2022-03-19	16	0	5	5	49880.2857143			nation	usa-facts
0	us	confirmed_7dav_incidence_num	2022-03-04	2022-03-19	15	0	5	5	45587.5714286			nation	usa-facts
0	us	confirmed_7dav_incidence_num	2022-03-05	2022-03-19	14	0	5	5	45872.5714286			nation	usa-facts
0	us	confirmed_7dav_incidence_num	2022-03-06	2022-03-18	12	0	5	5	42027.7142857			nation	usa-facts
0	us	confirmed_7dav_incidence_num	2022-03-07	2022-03-18	11	0	5	5	38551.2857143			nation	usa-facts
0	us	confirmed_7dav_incidence_num	2022-03-08	2022-03-13	5	0	5	5	36137.5714286			nation	usa-facts
0	us	confirmed_7dav_incidence_num	2022-03-09	2022-03-13	4	0	5	5	37436.0			nation	usa-facts
0	us	confirmed_7dav_incidence_num	2022-03-10	2022-03-13	3	0	5	5	37156.0			nation	usa-facts
0	us	confirmed_7dav_incidence_num	2022-03-11	2022-03-16	5	0	5	5	35635.8571429			nation	usa-facts
0	us	confirmed_7dav_incidence_num	2022-03-12	2022-03-17	5	0	5	5	34355.5714286			nation	usa-facts
0	us	confirmed_7dav_incidence_num	2022-03-13	2022-03-18	5	0	5	5	34892.2857143			nation	usa-facts
0	us	confirmed_7dav_incidence_num	2022-03-14	2022-03-19	5	0	5	5	33047.4285714			nation	usa-facts
0	us	confirmed_7dav_incidence_num	2022-03-15	2022-03-20	5	0	5	5	32324.0			nation	usa-facts
0	us	confirmed_7dav_incidence_num	2022-03-16	2022-03-20	4	0	5	5	28431.0			nation	usa-facts
0	us	confirmed_7dav_incidence_num	2022-03-17	2022-03-20	3	0	5	5	27101.7142857			nation	usa-facts
0	us	confirmed_7dav_incidence_num	2022-03-18	2022-03-20	2	0	5	5	24051.1428571			nation	usa-facts
0	us	confirmed_7dav_incidence_num	2022-03-19	2022-03-24	5	0	5	5	29860.1428571			nation	usa-facts
0	us	confirmed_7dav_incidence_num	2022-03-20	2022-03-25	5	0	5	5	30332.7142857			nation	usa-facts
0	us	confirmed_7dav_incidence_num	2022-03-21	2022-03-26	5	0	5	5	29584.4285714			nation	usa-facts
0	us	confirmed_7dav_incidence_num	2022-03-22	2022-03-26	4	0	5	5	29334.1428571			nation	usa-facts
0	us	confirmed_7dav_incidence_num	2022-03-23	2022-03-26	3	0	5	5	30284.1428571			nation	usa-facts
0	us	confirmed_7dav_incidence_num	2022-03-24	2022-03-30	6	0	5	5	31627.5714286			nation	usa-facts
0	us	confirmed_7dav_incidence_num	2022-03-25	2022-03-30	5	0	5	5	32701.0			nation	usa-facts
0	us	confirmed_7dav_incidence_num	2022-03-26	2022-04-01	6	0	5	5	27366.7142857			nation	usa-facts
0	us	confirmed_7dav_incidence_num	2022-03-27	2022-04-02	6	0	5	5	26407.7142857			nation	usa-facts
0	us	confirmed_7dav_incidence_num	2022-03-28	2022-04-03	6	0	5	5	28426.8571429			nation	usa-facts
0	us	confirmed_7dav_incidence_num	2022-03-29	2022-04-03	5	0	5	5	29050.8571429			nation	usa-facts
0	us	confirmed_7dav_incidence_num	2022-03-30	2022-04-03	4	0	5	5	30577.8571429			nation	usa-facts
0	us	confirmed_7dav_incidence_num	2022-03-31	2022-04-06	6	0	5	5	30747.8571429			nation	usa-facts
0	us	confirmed_7dav_incidence_num	2022-04-01	2022-04-07	6	0	5	5	30723.1428571			nation	usa-facts
0	us	confirmed_7dav_incidence_num	2022-04-02	2022-04-07	5	0	5	5	30805.2857143			nation	usa-facts
0	us	confirmed_7dav_incidence_num	2022-04-03	2022-04-09	6	0	5	5	31016.5714286			nation	usa-facts
0	us	confirmed_7dav_incidence_num	2022-04-04	2022-04-28	24	0	5	5	29745.2857143			nation	usa-facts
0	us	confirmed_7dav_incidence_num	2022-04-05	2022-04-28	23	0	5	5	29930.5714286			nation	usa-facts
0	us	confirmed_7dav_incidence_num	2022-04-06	2022-04-28	22	0	5	5	27599.5714286			nation	usa-facts
0	us	confirmed_7dav_incidence_num	2022-04-07	2022-04-28	21	0	5	5	26728.1428571			nation	usa-facts
0	us	confirmed_7dav_incidence_num	2022-04-08	2022-04-28	20	0	5	5	27622.1428571			nation	usa-facts
0	us	confirmed_7dav_incidence_num	2022-04-09	2022-04-28	19	0	5	5	27212.4285714			nation	usa-facts
0	us	confirmed_7dav_incidence_num	2022-04-10	2022-04-28	18	0	5	5	29169.5714286			nation	usa-facts
0	us	confirmed_7dav_incidence_num	2022-04-11	2022-04-28	17	0	5	5	30229.1428571			nation	usa-facts
0	us	confirmed_7dav_incidence_num	2022-04-12	2022-04-28	16	0	5	5	29715.2857143			nation	usa-facts
0	us	confirmed_7dav_incidence_num	2022-04-13	2022-04-28	15	0	5	5	33301.5714286			nation	usa-facts
0	us	confirmed_7dav_incidence_num	2022-04-14	2022-04-28	14	0	5	5	35753.0			nation	usa-facts
0	us	confirmed_7dav_incidence_num	2022-04-15	2022-04-28	13	0	5	5	35129.0			nation	usa-facts
0	us	confirmed_7dav_incidence_num	2022-04-16	2022-04-28	12	0	5	5	35325.2857143			nation	usa-facts
0	us	confirmed_7dav_incidence_num	2022-04-17	2022-04-28	11	0	5	5	35643.0			nation	usa-facts
0	us	confirmed_7dav_incidence_num	2022-04-18	2022-04-28	10	0	5	5	35694.8571429			nation	usa-facts
0	us	confirmed_7dav_incidence_num	2022-04-19	2022-05-06	17	0	5	5	39537.0			nation	usa-facts
0	us	confirmed_7dav_incidence_num	2022-04-20	2022-05-06	16	0	5	5	40812.2857143			nation	usa-facts
0	us	confirmed_7dav_incidence_num	2022-04-21	2022-05-06	15	0	5	5	40546.8571429			nation	usa-facts
0	us	confirmed_7dav_incidence_num	2022-04-22	2022-05-06	14	0	5	5	41805.8571429			nation	usa-facts
0	us	confirmed_7dav_incidence_num	2022-04-23	2022-05-06	13	0	5	5	45061.5714286			nation	usa-facts
0	us	confirmed_7dav_incidence_num	2022-04-24	2022-05-06	12	0	5	5	43683.5714286			nation	usa-facts
0	us	confirmed_7dav_incidence_num	2022-04-25	2022-05-06	11	0	5	5	45874.2857143			nation	usa-facts
0	us	confirmed_7dav_incidence_num	2022-04-26	2022-05-06	10	0	5	5	44951.0			nation	usa-facts
0	us	confirmed_7dav_incidence_num	2022-04-27	2022-05-06	9	0	5	5	48855.2857143			nation	usa-facts
0	us	confirmed_7dav_incidence_num	2022-04-28	2022-05-06	8	0	5	5	50673.8571429			nation	usa-facts
0	us	confirmed_7dav_incidence_num	2022-04-29	2022-05-06	7	0	5	5	52055.0			nation	usa-facts
0	us	confirmed_7dav_incidence_num	2022-04-30	2022-05-06	6	0	5	5	53223.0			nation	usa-facts
0	us	confirmed_7dav_incidence_num	2022-05-01	2022-05-07	6	0	5	5	54659.0			nation	usa-facts
0	us	confirmed_7dav_incidence_num	2022-05-02	2022-05-07	5	0	5	5	56251.2857143			nation	usa-facts
0	us	confirmed_7dav_incidence_num	2022-05-03	2022-05-07	4	0	5	5	57105.5714286			nation	usa-facts
0	us	confirmed_7dav_incidence_num	2022-05-04	2022-05-10	6	0	5	5	59142.8571429			nation	usa-facts
0	us	confirmed_7dav_incidence_num	2022-05-05	2022-05-11	6	0	5	5	61919.7142857			nation	usa-facts
0	us	confirmed_7dav_incidence_num	2022-05-06	2022-05-12	6	0	5	5	63139.2857143			nation	usa-facts
0	us	confirmed_7dav_incidence_num	2022-05-07	2022-05-13	6	0	5	5	66923.4285714			nation	usa-facts
0	us	confirmed_7dav_incidence_num	2022-05-08	2022-05-14	6	0	5	5	65424.8571429			nation	usa-facts
0	us	confirmed_7dav_incidence_num	2022-05-09	2022-05-15	6	0	5	5	71548.0			nation	usa-facts
0	us	confirmed_7dav_incidence_num	2022-05-10	2022-05-15	5	0	5	5	73419.2857143			nation	usa-facts
0	us	confirmed_7dav_incidence_num	2022-05-11	2022-05-15	4	0	5	5	82159.8571429			nation	usa-facts
0	us	confirmed_7dav_incidence_num	2022-05-12	2022-05-15	3	0	5	5	81249.2857143			nation	usa-facts
0	us	confirmed_7dav_incidence_num	2022-05-13	2022-05-19	6	0	5	5	83370.1428571			nation	usa-facts
0	us	confirmed_7dav_incidence_num	2022-05-14	2022-05-19	5	0	5	5	77141.5714286			nation	usa-facts
0	us	confirmed_7dav_incidence_num	2022-05-15	2022-05-21	6	0	5	5	90453.8571429			nation	usa-facts
0	us	confirmed_7dav_incidence_num	2022-05-16	2022-05-22	6	0	5	5	90975.0			nation	usa-facts
0	us	confirmed_7dav_incidence_num	2022-05-17	2022-05-22	5	0	5	5	92943.7142857			nation	usa-facts
0	us	confirmed_7dav_incidence_num	2022-05-18	2022-05-22	4	0	5	5	96289.5714286			nation	usa-facts
0	us	confirmed_7dav_incidence_num	2022-05-19	2022-05-25	6	0	5	5	98316.2857143			nation	usa-facts
0	us	confirmed_7dav_incidence_num	2022-05-20	2022-05-25	5	0	5	5	97389.0			nation	usa-facts
0	us	confirmed_7dav_incidence_num	2022-05-21	2022-05-27	6	0	5	5	105595.4285714			nation	usa-facts
0	us	confirmed_7dav_incidence_num	2022-05-22	2022-06-02	11	0	5	5	98802.8571429			nation	usa-facts
0	us	confirmed_7dav_incidence_num	2022-05-23	2022-06-02	10	0	5	5	94615.1428571			nation	usa-facts
0	us	confirmed_7dav_incidence_num	2022-05-24	2022-06-02	9	0	5	5	93026.5714286			nation	usa-facts
0	us	confirmed_7dav_incidence_num	2022-05-25	2022-06-02	8	0	5	5	94007.4285714			nation	usa-facts
0	us	confirmed_7dav_incidence_num	2022-05-26	2022-06-02	7	0	5	5	101044.0			nation	usa-facts
0	us	confirmed_7dav_incidence_num	2022-05-27	2022-06-02	6	0	5	5	100931.7142857			nation	usa-facts
0	us	confirmed_7dav_incidence_num	2022-05-28	2022-06-03	6	0	5	5	100503.0			nation	usa-facts
0	us	confirmed_7dav_incidence_num	2022-05-29	2022-06-04	6	0	5	5	95773.7142857			nation	usa-facts
0	us	confirmed_7dav_incidence_num	2022-05-30	2022-06-04	5	0	5	5	92757.2857143			nation	usa-facts
0	us	confirmed_7dav_incidence_num	2022-05-31	2022-06-04	4	0	5	5	95751.5714286			nation	usa-facts
0	us	confirmed_7dav_incidence_num	2022-06-01	2022-06-04	3	0	5	5	91934.7142857			nation	usa-facts
0	us	confirmed_7dav_incidence_num	2022-06-02	2022-06-04	2	0	5	5	85079.0			nation	usa-facts
0	us	confirmed_7dav_incidence_num	2022-06-03	2022-06-08	5	0	5	5	88741.5714286			nation	usa-facts
0	us	confirmed_7dav_incidence_num	2022-06-04	2022-06-09	5	0	5	5	80626.1428571			nation	usa-facts
0	us	confirmed_7dav_incidence_num	2022-06-05	2022-06-09	4	0	5	5	82012.5714286			nation	usa-facts
0	us	confirmed_7dav_incidence_num	2022-06-06	2022-06-11	5	0	5	5	95873.5714286			nation	usa-facts
0	us	confirmed_7dav_incidence_num	2022-06-07	2022-06-11	4	0	5	5	91848.0			nation	usa-facts
0	us	confirmed_7dav_incidence_num	2022-06-08	2022-06-11	3	0	5	5	92069.7142857			nation	usa-facts
0	us	confirmed_7dav_incidence_num	2022-06-09	2022-06-11	2	0	5	5	87788.7142857			nation	usa-facts
0	us	confirmed_7dav_incidence_num	2022-06-10	2022-06-15	5	0	5	5	92661.5714286			nation	usa-facts
0	us	confirmed_7dav_incidence_num	2022-06-11	2022-06-16	5	0	5	5	92999.1428571			nation	usa-facts
0	us	confirmed_7dav_incidence_num	2022-06-12	2022-06-17	5	0	5	5	101184.7142857			nation	usa-facts
0	us	confirmed_7dav_incidence_num	2022-06-13	2022-06-18	5	0	5	5	90453.0			nation	usa-facts
0	us	confirmed_7dav_incidence_num	2022-06-14	2022-06-19	5	0	5	5	93588.5714286			nation	usa-facts
0	us	confirmed_7dav_incidence_num	2022-06-15	2022-06-22	7	0	5	5	100211.4285714			nation	usa-facts
0	us	confirmed_7dav_incidence_num	2022-06-16	2022-06-23	7	0	5	5	105714.5714286			nation	usa-facts
0	us	confirmed_7dav_incidence_num	2022-06-17	2022-06-24	7	0	5	5	102836.8571429			nation	usa-facts
0	us	confirmed_7dav_incidence_num	2022-06-18	2022-12-16	181	0	5	5	114763.8571429			nation	usa-facts
0	us	confirmed_7dav_incidence_num	2022-06-19	2022-12-16	180	0	5	5	107116.4285714			nation	usa-facts
0	us	confirmed_7dav_incidence_num	2022-06-20	2022-12-16	179	0	5	5	103359.1428571			nation	usa-facts
0	us	confirmed_7dav_incidence_num	2022-06-21	2022-12-16	178	0	5	5	107371.1428571			nation	usa-facts
0	us	confirmed_7dav_incidence_num	2022-06-22	2022-12-16	177	0	5	5	102314.7142857			nation	usa-facts
0	us	confirmed_7dav_incidence_num	2022-06-23	2022-12-16	176	0	5	5	101550.4285714			nation	usa-facts
0	us	confirmed_7dav_incidence_num	2022-06-24	2022-12-16	175	0	5	5	103316.8571429			nation	usa-facts
0	us	confirmed_7dav_incidence_num	2022-06-25	2022-12-16	174	0	5	5	93395.1428571			nation	usa-facts
0	us	confirmed_7dav_incidence_num	2022-06-26	2022-12-16	173	0	5	5	95090.5714286			nation	usa-facts
0	us	confirmed_7dav_incidence_num	2022-06-27	2022-12-16	172	0	5	5	100115.0			nation	usa-facts
0	us	confirmed_7dav_incidence_num	2022-06-28	2022-12-16	171	0	5	5	95330.5714286			nation	usa-facts
0	us	confirmed_7dav_incidence_num	2022-06-29	2022-12-16	170	0	5	5	103981.7142857			nation	usa-facts
0	us	confirmed_7dav_incidence_num	2022-06-30	2022-12-16	169	0	5	5	108745.4285714			nation	usa-facts
0	us	confirmed_7dav_incidence_num	2022-07-01	2022-12-16	168	0	5	5	104825.0			nation	usa-facts
0	us	confirmed_7dav_incidence_num	2022-07-02	2022-12-16	167	0	5	5	103842.2857143			nation	usa-facts
0	us	confirmed_7dav_incidence_num	2022-07-03	2022-12-16	166	0	5	5	102629.5714286			nation	usa-facts
0	us	confirmed_7dav_incidence_num	2022-07-04	2022-12-16	165	0	5	5	96566.1428571			nation	usa-facts
0	us	confirmed_7dav_incidence_num	2022-07-05	2022-12-16	164	0	5	5	103898.2857143			nation	usa-facts
0	us	confirmed_7dav_incidence_num	2022-07-06	2022-12-16	163	0	5	5	97173.8571429			nation	usa-facts
0	us	confirmed_7dav_incidence_num	2022-07-07	2022-12-16	162	0	5	5	98470.0			nation	usa-facts
0	us	confirmed_7dav_incidence_num	2022-07-08	2022-12-16	161	0	5	5	100171.7142857			nation	usa-facts
0	us	confirmed_7dav_incidence_num	2022-07-09	2022-12-16	160	0	5	5	102693.1428571			nation	usa-facts
0	us	confirmed_7dav_incidence_num	2022-07-10	2022-12-16	159	0	5	5	101448.1428571			nation	usa-facts
0	us	confirmed_7dav_incidence_num	2022-07-11	2022-12-16	158	0	5	5	112738.8571429			nation	usa-facts
0	us	confirmed_7dav_incidence_num	2022-07-12	2022-12-16	157	0	5	5	107018.7142857			nation	usa-facts
0	us	confirmed_7dav_incidence_num	2022-07-13	2022-12-16	156	0	5	5	104036.4285714			nation	usa-facts
0	us	confirmed_7dav_incidence_num	2022-07-14	2022-12-16	155	0	5	5	112451.7142857			nation	usa-facts
0	us	confirmed_7dav_incidence_num	2022-07-15	2022-12-16	154	0	5	5	108603.1428571			nation	usa-facts
0	us	confirmed_7dav_incidence_num	2022-07-16	2022-12-16	153	0	5	5	107181.2857143			nation	usa-facts
0	us	confirmed_7dav_incidence_num	2022-07-17	2022-12-16	152	0	5	5	110161.1428571			nation	usa-facts
0	us	confirmed_7dav_incidence_num	2022-07-18	2022-12-16	151	0	5	5	112322.7142857			nation	usa-facts
0	us	confirmed_7dav_incidence_num	2022-07-19	2022-12-16	150	0	5	5	118084.2857143			nation	usa-facts
0	us	confirmed_7dav_incidence_num	2022-07-20	2022-12-16	149	0	5	5	121976.5714286			nation	usa-facts
0	us	confirmed_7dav_incidence_num	2022-07-21	2022-12-16	148	0	5	5	112730.2857143			nation	usa-facts
0	us	confirmed_7dav_incidence_num	2022-07-22	2022-12-16	147	0	5	5	120919.8571429			nation	usa-facts
0	us	confirmed_7dav_incidence_num	2022-07-23	2022-12-16	146	0	5	5	119207.2857143			nation	usa-facts
0	us	confirmed_7dav_incidence_num	2022-07-24	2022-12-16	145	0	5	5	116787.8571429			nation	usa-facts
0	us	confirmed_7dav_incidence_num	2022-07-25	2022-12-16	144	0	5	5	117400.8571429			nation	usa-facts
0	us	confirmed_7dav_incidence_num	2022-07-26	2022-12-16	143	0	5	5	110012.0			nation	usa-facts
0	us	confirmed_7dav_incidence_num	2022-07-27	2022-12-16	142	0	5	5	121091.4285714			nation	usa-facts
0	us	confirmed_7dav_incidence_num	2022-07-28	2022-12-16	141	0	5	5	120045.7142857			nation	usa-facts
0	us	confirmed_7dav_incidence_num	2022-07-29	2022-12-16	140	0	5	5	114823.8571429			nation	usa-facts
0	us	confirmed_7dav_incidence_num	2022-07-30	2022-12-16	139	0	5	5	114804.2857143			nation	usa-facts
0	us	confirmed_7dav_incidence_num	2022-07-31	2022-12-16	138	0	5	5	114305.7142857			nation	usa-facts
0	us	confirmed_7dav_incidence_num	2022-08-01	2022-12-16	137	0	5	5	111029.5714286			nation	usa-facts
0	us	confirmed_7dav_incidence_num	2022-08-02	2022-12-16	136	0	5	5	113962.2857143			nation	usa-facts
0	us	confirmed_7dav_incidence_num	2022-08-03	2022-12-16	135	0	5	5	101891.0			nation	usa-facts
0	us	confirmed_7dav_incidence_num	2022-08-04	2022-12-16	134	0	5	5	102135.7142857			nation	usa-facts
0	us	confirmed_7dav_incidence_num	2022-08-05	2022-12-16	133	0	5	5	103640.0			nation	usa-facts
0	us	confirmed_7dav_incidence_num	2022-08-06	2022-12-16	132	0	5	5	102788.5714286			nation	usa-facts
0	us	confirmed_7dav_incidence_num	2022-08-07	2022-12-16	131	0	5	5	102111.8571429			nation	usa-facts
0	us	confirmed_7dav_incidence_num	2022-08-08	2022-12-16	130	0	5	5	95345.2857143			nation	usa-facts
0	us	confirmed_7dav_incidence_num	2022-08-09	2022-12-16	129	0	5	5	98739.1428571			nation	usa-facts
0	us	confirmed_7dav_incidence_num	2022-08-10	2022-12-16	128	0	5	5	95155.5714286			nation	usa-facts
0	us	confirmed_7dav_incidence_num	2022-08-11	2022-12-16	127	0	5	5	93269.7142857			nation	usa-facts
0	us	confirmed_7dav_incidence_num	2022-08-12	2022-12-16	126	0	5	5	91463.2857143			nation	usa-facts
0	us	confirmed_7dav_incidence_num	2022-08-13	2022-12-16	125	0	5	5	91043.4285714			nation	usa-facts
0	us	confirmed_7dav_incidence_num	2022-08-14	2022-09-08	25	0	5	5	90534.1428571			nation	usa-facts
0	us	confirmed_7dav_incidence_num	2022-08-15	2022-09-08	24	0	5	5	98843.0			nation	usa-facts
0	us	confirmed_7dav_incidence_num	2022-08-16	2022-09-08	23	0	5	5	95155.8571429			nation	usa-facts
0	us	confirmed_7dav_incidence_num	2022-08-17	2022-09-08	22	0	5	5	91351.1428571			nation	usa-facts
0	us	confirmed_7dav_incidence_num	2022-08-18	2022-09-08	21	0	5	5	89446.0			nation	usa-facts
0	us	confirmed_7dav_incidence_num	2022-08-19	2022-09-08	20	0	5	5	88851.0			nation	usa-facts
0	us	confirmed_7dav_incidence_num	2022-08-20	2022-09-08	19	0	5	5	90053.4285714			nation	usa-facts
0	us	confirmed_7dav_incidence_num	2022-08-21	2022-09-08	18	0	5	5	87783.7142857			nation	usa-facts
0	us	confirmed_7dav_incidence_num	2022-08-22	2022-09-08	17	0	5	5	80436.1428571			nation	usa-facts
0	us	confirmed_7dav_incidence_num	2022-08-23	2022-09-08	16	0	5	5	79908.2857143			nation	usa-facts
0	us	confirmed_7dav_incidence_num	2022-08-24	2022-09-08	15	0	5	5	80455.8571429			nation	usa-facts
0	us	confirmed_7dav_incidence_num	2022-08-25	2022-09-08	14	0	5	5	80384.2857143			nation	usa-facts
0	us	confirmed_7dav_incidence_num	2022-08-26	2022-09-08	13	0	5	5	77083.2857143			nation	usa-facts
0	us	confirmed_7dav_incidence_num	2022-08-27	2022-09-08	12	0	5	5	75355.0			nation	usa-facts
0	us	confirmed_7dav_incidence_num	2022-08-28	2022-09-08	11	0	5	5	84937.1428571			nation	usa-facts
0	us	confirmed_7dav_incidence_num	2022-08-29	2022-09-08	10	0	5	5	82210.1428571			nation	usa-facts
0	us	confirmed_7dav_incidence_num	2022-08-30	2022-09-08	9	0	5	5	74482.2857143			nation	usa-facts
0	us	confirmed_7dav_incidence_num	2022-08-31	2022-09-08	8	0	5	5	76946.1428571			nation	usa-facts
0	us	confirmed_7dav_incidence_num	2022-09-01	2022-09-08	7	0	5	5	75141.0			nation	usa-facts
0	us	confirmed_7dav_incidence_num	2022-09-02	2022-09-08	6	0	5	5	70858.1428571			nation	usa-facts
0	us	confirmed_7dav_incidence_num	2022-09-03	2022-09-08	5	0	5	5	69787.8571429			nation	usa-facts
0	us	confirmed_7dav_incidence_num	2022-09-04	2022-09-08	4	0	5	5	61013.4285714			nation	usa-facts
0	us	confirmed_7dav_incidence_num	2022-09-05	2022-09-14	9	0	5	5	64508.4285714			nation	usa-facts
0	us	confirmed_7dav_incidence_num	2022-09-06	2022-09-14	8	0	5	5	72834.5714286			nation	usa-facts
0	us	confirmed_7dav_incidence_num	2022-09-07	2022-09-14	7	0	5	5	70682.5714286			nation	usa-facts
0	us	confirmed_7dav_incidence_num	2022-09-08	2022-09-14	6	0	5	5	68788.8571429			nation	usa-facts
0	us	confirmed_7dav_incidence_num	2022-09-09	2022-09-14	5	0	5	5	68209.2857143			nation	usa-facts
0	us	confirmed_7dav_incidence_num	2022-09-10	2022-09-16	6	0	5	5	70325.0			nation	usa-facts
0	us	confirmed_7dav_incidence_num	2022-09-11	2022-09-17	6	0	5	5	72710.7142857			nation	usa-facts
0	us	confirmed_7dav_incidence_num	2022-09-12	2022-09-17	5	0	5	5	58395.5714286			nation	usa-facts
0	us	confirmed_7dav_incidence_num	2022-09-13	2022-09-17	4	0	5	5	52272.8571429			nation	usa-facts
0	us	confirmed_7dav_incidence_num	2022-09-14	2022-09-17	3	0	5	5	42228.1428571			nation	usa-facts
0	us	confirmed_7dav_incidence_num	2022-09-15	2022-09-21	6	0	5	5	46330.1428571			nation	usa-facts
0	us	confirmed_7dav_incidence_num	2022-09-16	2022-09-22	6	0	5	5	45334.8571429			nation	usa-facts
0	us	confirmed_7dav_incidence_num	2022-09-17	2022-09-22	5	0	5	5	42626.1428571			nation	usa-facts
